<?xml version="1.0" encoding="UTF-8" standalone="yes"?>
<MessagePool xmlns="http://wwww.ibm.com/iib/test/1.0.0">
    <MQInputMessage timestamp="1690881648910" nodeId="FCMComposite_1_1" name="new message 1" id="1690881648910-313">
        <plainText>H0100507047992++++00ABC++++++++++++23051116222305111625++++++++++003020++++++++++++%0D%0AH03011230511++++%0D%0AH03017230513++++%0D%0AD011+++++++++++++++++++++++S%0D%0AD08PDG++0000000403LB%0D%0AD11PLT7100018%0D%0AD012+++++++++++++++++++++++I%0D%0AD030000300EA%0D%0AD013+++++++++++++++++++++++I%0D%0AD030000300EA%0D%0AD014+++++++++++++++++++++++I%0D%0AD030000300EA%0D%0AS0100230000011729%0D%0A</plainText>
        <MessageHeader backoutCount="0" characterSet="0" encoding="0" expiry="-1" feedback="0" messageFlags="0" messageType="8" messageSequenceNumber="1" offset="0" originalLength="-1" persistence="2" priority="-1" putApplicationType="0" report="0"/>
    </MQInputMessage>
    <MQInputMessage timestamp="1690882482231" nodeId="FCMComposite_1_1" name="new message 2" id="1690882482231-471">
        <plainText>H0100507047992++++00ABC++++++++++++23051116222305111625++++++++++003020++++++++++++%0D%0A</plainText>
        <MessageHeader backoutCount="0" characterSet="0" encoding="0" expiry="-1" feedback="0" messageFlags="0" messageType="8" messageSequenceNumber="1" offset="0" originalLength="-1" persistence="2" priority="-1" putApplicationType="0" report="0"/>
    </MQInputMessage>
</MessagePool>
